val;val;val;val
0.00375234521575985;0.2551594746716698;0.0075046904315197;0.25328330206378985
0.0075;0.0075;0.01;0.0075