val;val;val;val;val
0.013133208255159476;0.1350844277673546;0.2964352720450281;0.5234521575984991;0.9024390243902439
0.9625;0.45;0.2375;0.1425;0.1025