val;val;val;val
0.016885553470919325;0.16885553470919323;0.5834896810506567;0.9324577861163227
0.06;0.7475;0.9275;0.1725