val;val;val;val;val
0.013133208255159476;0.14634146341463414;0.3808630393996248;0.7073170731707317;1.0881801125703565
0.0175;0.4275;0.78;1.095;1.1675