val;val;val;val;val
0.00375234521575985;0.27204502814258913;0.49906191369606;0.6529080675422139;0.7317073170731707
0.0125;0.04;0.0525;0.2;0.6675